Feature;Importancia
Promig_Pistes/Fila;0.27283885285785536
Mitjana_Mida_Pistes;0.16397170263388097
Promig_Llibertat_Total;0.13161737561980003
Ratio_F/C;0.10079093743209136
Desviacio_Est._Mida_Pistes;0.09690963468494689
Promig_Pistes/Columna;0.0899362603265492
Total_Pistes;0.07549966930490738
%_Caselles_Pintades;0.05918578026869856
Relatiu_Llibertat_Total;0.00924978687127025
