Feature;Importancia
Promig_Pistes/Columna;0.15554453115008335
Total_Pistes;0.14436529398853654
Promig_Llibertat_Total;0.13020022576445828
Desviacio_Est._Mida_Pistes;0.10500591503863037
Mitjana_Mida_Pistes;0.10327403225065851
Ratio_F/C;0.09909491062562323
Promig_Pistes/Fila;0.09708407434380001
%_Caselles_Pintades;0.09039521950821218
Relatiu_Llibertat_Total;0.07503579732999752
