Feature;Importancia
Promig_Llibertat_Total;0.18681212982305112
%_Caselles_Pintades;0.16046647453176743
Total_Pistes;0.12196918473336027
Desviacio_Est._Mida_Pistes;0.11271371885680423
Mitjana_Mida_Pistes;0.09232737761419342
Promig_Pistes/Fila;0.08590099384192902
Promig_Pistes/Columna;0.08552325910816477
Ratio_F/C;0.08031671278361614
Relatiu_Llibertat_Total;0.07397014870711355
