Feature;Importancia
Promig_Llibertat_Total;0.2140515436992818
%_Caselles_Pintades;0.17224388255818165
Mitjana_Mida_Pistes;0.16132290854196754
Promig_Pistes/Fila;0.1466106356645283
Ratio_F/C;0.1085442327165608
Desviacio_Est._Mida_Pistes;0.07255036652664527
Promig_Pistes/Columna;0.06443524601570755
Total_Pistes;0.039785970726318697
Relatiu_Llibertat_Total;0.02045521355080836
