Feature;Importancia
Promig_Llibertat_Total;0.2053333969781734
Desviacio_Est._Mida_Pistes;0.16170149689164345
Promig_Pistes/Columna;0.13902390339751203
Promig_Pistes/Fila;0.11801844087971651
Total_Pistes;0.11405477215041508
%_Caselles_Pintades;0.11114519393967257
Ratio_F/C;0.06153301619662474
Mitjana_Mida_Pistes;0.056384746346413
Relatiu_Llibertat_Total;0.03280503321982919
