Feature;Importancia
Ratio_F/C;0.22839904666949332
Promig_Llibertat_Total;0.20528804855275445
Promig_Pistes/Columna;0.11551137389360429
Total_Pistes;0.11448702670723451
%_Caselles_Pintades;0.11058293515190062
Mitjana_Mida_Pistes;0.0991158267020336
Desviacio_Est._Mida_Pistes;0.08946153916662088
Promig_Pistes/Fila;0.037154203156358326
Relatiu_Llibertat_Total;0.0
