Feature;Importancia
Total_Pistes;0.15867385462940395
Promig_Llibertat_Total;0.15046094346511785
Promig_Pistes/Fila;0.13482854923043364
Promig_Pistes/Columna;0.12259246679720734
%_Caselles_Pintades;0.10276450317468065
Mitjana_Mida_Pistes;0.09313179644873695
Relatiu_Llibertat_Total;0.08580468869988916
Desviacio_Est._Mida_Pistes;0.08450382900803781
Ratio_F/C;0.06723936854649257
