Feature;Importancia
Total_Pistes;0.18476461353800225
Promig_Pistes/Fila;0.13971016786221976
Promig_Llibertat_Total;0.1393114363095072
Promig_Pistes/Columna;0.12735749259942808
Desviacio_Est._Mida_Pistes;0.10617646911960726
%_Caselles_Pintades;0.09987056526849263
Mitjana_Mida_Pistes;0.09320044921331361
Relatiu_Llibertat_Total;0.06827555624962536
Ratio_F/C;0.04133324983980389
