Feature;Importancia
Total_Pistes;0.15426116257842765
Promig_Llibertat_Total;0.14705323977058246
Promig_Pistes/Fila;0.14659955573845282
Promig_Pistes/Columna;0.11891536079605355
%_Caselles_Pintades;0.10516863786215568
Desviacio_Est._Mida_Pistes;0.09437038038560605
Mitjana_Mida_Pistes;0.08935535798732626
Relatiu_Llibertat_Total;0.07691488581441569
Ratio_F/C;0.06736141906697973
