Feature;Importancia
Total_Pistes;0.14564246041420928
Mitjana_Mida_Pistes;0.14479494136963458
Desviacio_Est._Mida_Pistes;0.1355614387450725
Promig_Pistes/Columna;0.12561333633924543
Promig_Llibertat_Total;0.11723799541410511
Promig_Pistes/Fila;0.09993695862594014
%_Caselles_Pintades;0.08068843783560112
Ratio_F/C;0.08043693722605366
Relatiu_Llibertat_Total;0.07008749403013827
