Feature;Importancia
Promig_Llibertat_Total;0.15194773526418665
Total_Pistes;0.13591783766714743
Promig_Pistes/Columna;0.12490036550511754
Promig_Pistes/Fila;0.12388486781926161
Mitjana_Mida_Pistes;0.11105991145508477
Desviacio_Est._Mida_Pistes;0.10595753129129479
%_Caselles_Pintades;0.09343082531319646
Relatiu_Llibertat_Total;0.08467858300852377
Ratio_F/C;0.06822234267618706
