Feature;Importancia
Total_Pistes;0.19406477557354895
%_Caselles_Pintades;0.18521286541993728
Promig_Llibertat_Total;0.16035731713120746
Desviacio_Est._Mida_Pistes;0.10548670566563319
Ratio_F/C;0.09368146278184801
Promig_Pistes/Fila;0.08931169811227767
Relatiu_Llibertat_Total;0.06530326416280793
Mitjana_Mida_Pistes;0.05611177804455115
Promig_Pistes/Columna;0.05047013310818833
