Feature;Importancia
Promig_Pistes/Columna;0.2095205323604289
Promig_Llibertat_Total;0.17188354391922625
Mitjana_Mida_Pistes;0.152551942323276
%_Caselles_Pintades;0.1486032185581536
Total_Pistes;0.11906996140482815
Desviacio_Est._Mida_Pistes;0.09460634111247296
Promig_Pistes/Fila;0.04958098236300016
Ratio_F/C;0.03755087703883878
Relatiu_Llibertat_Total;0.01663260091977517
