Feature;Importancia
Promig_Pistes/Fila;0.22467453452536357
Promig_Llibertat_Total;0.1569622875114717
Total_Pistes;0.14575671216468827
Ratio_F/C;0.13658638610861584
Promig_Pistes/Columna;0.11321322821842451
Desviacio_Est._Mida_Pistes;0.09932415592971579
%_Caselles_Pintades;0.054777980535279804
Mitjana_Mida_Pistes;0.046891548590239016
Relatiu_Llibertat_Total;0.02181316641620152
