Feature;Importancia
Promig_Llibertat_Total;0.2440703435723761
Desviacio_Est._Mida_Pistes;0.1931753139140688
Promig_Pistes/Fila;0.18648166898844407
Total_Pistes;0.12748934890852628
%_Caselles_Pintades;0.08017290899404718
Mitjana_Mida_Pistes;0.0714825776117556
Promig_Pistes/Columna;0.04752254843936765
Relatiu_Llibertat_Total;0.04045744253738834
Ratio_F/C;0.009147847034025896
