Feature;Importancia
Total_Pistes;0.2040176203682513
Promig_Pistes/Fila;0.1542718216895771
Ratio_F/C;0.11132443220703814
Desviacio_Est._Mida_Pistes;0.10709971255257048
Mitjana_Mida_Pistes;0.09940885675760593
%_Caselles_Pintades;0.09725154898938204
Relatiu_Llibertat_Total;0.08955249993533951
Promig_Llibertat_Total;0.08801657146386173
Promig_Pistes/Columna;0.049056936036373816
