Feature;Importancia
Desviacio_Est._Mida_Pistes;0.18352230272048653
Total_Pistes;0.1604177384888963
Promig_Llibertat_Total;0.14590351466299462
Ratio_F/C;0.11990154686759949
Mitjana_Mida_Pistes;0.11860068373996459
%_Caselles_Pintades;0.0939581723055398
Promig_Pistes/Fila;0.08944567826457589
Promig_Pistes/Columna;0.07478308084296482
Relatiu_Llibertat_Total;0.013467282106977983
