Feature;Importancia
Promig_Pistes/Fila;0.13622248076895574
Total_Pistes;0.13571062425113525
Ratio_F/C;0.13524266861836842
Promig_Pistes/Columna;0.12706312625846544
Promig_Llibertat_Total;0.11344728982538205
%_Caselles_Pintades;0.11253202420628322
Desviacio_Est._Mida_Pistes;0.09685176651086705
Mitjana_Mida_Pistes;0.08526942045245678
Relatiu_Llibertat_Total;0.057660599108086096
