Feature;Importancia
Mitjana_Mida_Pistes;0.1521907133537787
Promig_Pistes/Columna;0.11615328376264168
Total_Pistes;0.11233107447835775
Promig_Llibertat_Total;0.1120481292415522
Promig_Pistes/Fila;0.11152245736593645
Desviacio_Est._Mida_Pistes;0.11107183271946466
%_Caselles_Pintades;0.11001997053515523
Ratio_F/C;0.0992614915963791
Relatiu_Llibertat_Total;0.07540104694673438
