Feature;Importancia
Total_Pistes;0.2242812530448646
Ratio_F/C;0.1384616277719725
Promig_Pistes/Fila;0.13488438346616163
%_Caselles_Pintades;0.1326856675039585
Promig_Pistes/Columna;0.12994371894048581
Desviacio_Est._Mida_Pistes;0.1289014908312825
Promig_Llibertat_Total;0.08055179255610291
Mitjana_Mida_Pistes;0.030290065885171573
Relatiu_Llibertat_Total;0.0
