Feature;Importancia
Total_Pistes;0.15899423970185053
Promig_Pistes/Fila;0.14720318331802607
%_Caselles_Pintades;0.11923173083237151
Promig_Pistes/Columna;0.11499669698201286
Promig_Llibertat_Total;0.1129280373172855
Ratio_F/C;0.11047052387817638
Desviacio_Est._Mida_Pistes;0.09078968191442693
Mitjana_Mida_Pistes;0.07275669721207337
Relatiu_Llibertat_Total;0.0726292088437768
