Feature;Importancia
Ratio_F/C;0.1288362647058885
Total_Pistes;0.12767523951047743
Promig_Pistes/Columna;0.1250322350725022
Promig_Llibertat_Total;0.12501255458542232
%_Caselles_Pintades;0.11686675059177759
Promig_Pistes/Fila;0.11291918861291135
Desviacio_Est._Mida_Pistes;0.10175006696283471
Mitjana_Mida_Pistes;0.09635587274147726
Relatiu_Llibertat_Total;0.06555182721670864
