Feature;Importancia
Total_Pistes;0.14981259035756359
Promig_Pistes/Fila;0.1375960962574545
Ratio_F/C;0.12220139961049999
Promig_Llibertat_Total;0.11080687637712873
Promig_Pistes/Columna;0.11022146044394211
%_Caselles_Pintades;0.10680698974523353
Mitjana_Mida_Pistes;0.09170412463472262
Desviacio_Est._Mida_Pistes;0.08962580074012165
Relatiu_Llibertat_Total;0.0812246618333332
