Feature;Importancia
Total_Pistes;0.15992348556438574
Ratio_F/C;0.14960814716881551
Promig_Pistes/Fila;0.12987231020548567
Promig_Pistes/Columna;0.12395740173565153
Promig_Llibertat_Total;0.11339610408403844
Desviacio_Est._Mida_Pistes;0.09588105248701019
%_Caselles_Pintades;0.09385283096234488
Relatiu_Llibertat_Total;0.0678475879187407
Mitjana_Mida_Pistes;0.06566107987352747
