Feature;Importancia
Promig_Llibertat_Total;0.1819194808159595
Mitjana_Mida_Pistes;0.1207652748955908
Desviacio_Est._Mida_Pistes;0.11916114074378624
Total_Pistes;0.1078081073990429
%_Caselles_Pintades;0.10610769627048698
Promig_Pistes/Columna;0.10359852539350003
Ratio_F/C;0.10102122238200664
Promig_Pistes/Fila;0.09632810010674225
Relatiu_Llibertat_Total;0.06329045199288477
