Feature;Importancia
Promig_Pistes/Columna;0.26328488167096636
%_Caselles_Pintades;0.1875324533034381
Promig_Llibertat_Total;0.18485912994109713
Ratio_F/C;0.12478670604560317
Mitjana_Mida_Pistes;0.11764931454318857
Total_Pistes;0.05759057355260982
Promig_Pistes/Fila;0.047328289807060095
Desviacio_Est._Mida_Pistes;0.016968651136036815
Relatiu_Llibertat_Total;0.0
