Feature;Importancia
Promig_Pistes/Fila;0.14220191968846152
Promig_Llibertat_Total;0.13583705175082433
%_Caselles_Pintades;0.12909825536349065
Total_Pistes;0.12503687199950886
Ratio_F/C;0.11567257034901805
Desviacio_Est._Mida_Pistes;0.11205411772106881
Promig_Pistes/Columna;0.09616382197320472
Mitjana_Mida_Pistes;0.08290723760015929
Relatiu_Llibertat_Total;0.061028153554263845
