Feature;Importancia
%_Caselles_Pintades;0.15477317956291367
Total_Pistes;0.13798838020097448
Promig_Llibertat_Total;0.11867624703598237
Promig_Pistes/Fila;0.1179074821864835
Desviacio_Est._Mida_Pistes;0.1043203411337712
Promig_Pistes/Columna;0.10094064858896627
Ratio_F/C;0.09144389060498789
Mitjana_Mida_Pistes;0.08856503453471026
Relatiu_Llibertat_Total;0.08538479615121031
