Feature;Importancia
Total_Pistes;0.13915962669289111
Promig_Llibertat_Total;0.1384366499114584
%_Caselles_Pintades;0.13830412583000573
Desviacio_Est._Mida_Pistes;0.10886399812279551
Promig_Pistes/Fila;0.10879736831649205
Mitjana_Mida_Pistes;0.09622618980283981
Ratio_F/C;0.0958546201941453
Promig_Pistes/Columna;0.09431234388699947
Relatiu_Llibertat_Total;0.0800450772423727
