Feature;Importancia
Promig_Llibertat_Total;0.22605924712689826
Total_Pistes;0.15753612640220946
Promig_Pistes/Columna;0.15413679278244372
Promig_Pistes/Fila;0.10792295450193008
%_Caselles_Pintades;0.08296601347929644
Mitjana_Mida_Pistes;0.08181470273320272
Desviacio_Est._Mida_Pistes;0.07545306857927027
Relatiu_Llibertat_Total;0.06132336404415767
Ratio_F/C;0.05278773035059131
