Feature;Importancia
%_Caselles_Pintades;0.3031917637579739
Total_Pistes;0.19235045503834114
Promig_Pistes/Columna;0.13111650693456514
Mitjana_Mida_Pistes;0.11549551834939963
Desviacio_Est._Mida_Pistes;0.08528279094489148
Ratio_F/C;0.0753638011895786
Promig_Llibertat_Total;0.0732519288791112
Promig_Pistes/Fila;0.023947234906139012
Relatiu_Llibertat_Total;0.0
