Feature;Importancia
Promig_Llibertat_Total;0.23764939141925454
%_Caselles_Pintades;0.1667969368797023
Ratio_F/C;0.16325958604439608
Total_Pistes;0.13536299660934517
Promig_Pistes/Columna;0.08733317406964007
Desviacio_Est._Mida_Pistes;0.08343765938702646
Mitjana_Mida_Pistes;0.07190297981437219
Promig_Pistes/Fila;0.028724440116845173
Relatiu_Llibertat_Total;0.02553283565941793
