Feature;Importancia
Total_Pistes;0.15401820158550372
Promig_Llibertat_Total;0.1427368144164964
Promig_Pistes/Fila;0.1376079934131575
Desviacio_Est._Mida_Pistes;0.11645173149426946
Promig_Pistes/Columna;0.11439280900938983
Mitjana_Mida_Pistes;0.1052175816344101
%_Caselles_Pintades;0.08322464319140484
Relatiu_Llibertat_Total;0.0763335169026649
Ratio_F/C;0.07001670835270331
