Feature;Importancia
Promig_Llibertat_Total;0.5283012031517683
Ratio_F/C;0.16506427544117058
Total_Pistes;0.08015950358154257
Relatiu_Llibertat_Total;0.07606969313630496
Promig_Pistes/Fila;0.07168697906163879
%_Caselles_Pintades;0.05046004422272169
Desviacio_Est._Mida_Pistes;0.017865581098339727
Mitjana_Mida_Pistes;0.010392720306513411
Promig_Pistes/Columna;0.0
