Feature;Importancia
Total_Pistes;0.14973300445334722
Promig_Pistes/Fila;0.13000296393297953
Ratio_F/C;0.12586779919918015
Promig_Pistes/Columna;0.12370055193972783
%_Caselles_Pintades;0.11901002607317643
Promig_Llibertat_Total;0.10233873528016511
Mitjana_Mida_Pistes;0.08805459280412861
Desviacio_Est._Mida_Pistes;0.08622154194574219
Relatiu_Llibertat_Total;0.07507078437155301
