Feature;Importancia
Promig_Llibertat_Total;0.21608543417366946
%_Caselles_Pintades;0.17928598479974356
Mitjana_Mida_Pistes;0.11961134453781512
Promig_Pistes/Columna;0.11629441402645356
Desviacio_Est._Mida_Pistes;0.10425536881419234
Promig_Pistes/Fila;0.09910457516339867
Total_Pistes;0.08328071228491393
Ratio_F/C;0.059771241830065366
Relatiu_Llibertat_Total;0.022310924369747895
