Feature;Importancia
Promig_Pistes/Columna;0.19725106964375308
Promig_Llibertat_Total;0.14576844848722503
%_Caselles_Pintades;0.12498914377419049
Promig_Pistes/Fila;0.11854205983413665
Ratio_F/C;0.11487472680805676
Desviacio_Est._Mida_Pistes;0.1108074283239209
Mitjana_Mida_Pistes;0.09026602157152624
Total_Pistes;0.06018872545976796
Relatiu_Llibertat_Total;0.03731237609742282
