Feature;Importancia
Promig_Llibertat_Total;0.17512394785737845
Promig_Pistes/Columna;0.1701393983660151
Promig_Pistes/Fila;0.14639310538464725
Total_Pistes;0.12614357250836844
Mitjana_Mida_Pistes;0.12009909591542242
Desviacio_Est._Mida_Pistes;0.11489639578775232
Ratio_F/C;0.07476808905380332
%_Caselles_Pintades;0.04942602040816326
Relatiu_Llibertat_Total;0.02301037471844926
