Feature;Importancia
Total_Pistes;0.2084902500575349
Desviacio_Est._Mida_Pistes;0.17656743674349032
Promig_Pistes/Columna;0.16119690096179384
Promig_Pistes/Fila;0.11175246304025703
Promig_Llibertat_Total;0.10213610353110124
Mitjana_Mida_Pistes;0.08201858283397365
%_Caselles_Pintades;0.07020032350379493
Ratio_F/C;0.06286773589393693
Relatiu_Llibertat_Total;0.02477020343411722
