Feature;Importancia
Promig_Llibertat_Total;0.34736203584439174
%_Caselles_Pintades;0.26346520499250875
Promig_Pistes/Fila;0.12888004443286247
Desviacio_Est._Mida_Pistes;0.09191270466242601
Mitjana_Mida_Pistes;0.06991542488924687
Promig_Pistes/Columna;0.052407414650829834
Total_Pistes;0.0440786235288853
Ratio_F/C;0.0019785469988490615
Relatiu_Llibertat_Total;0.0
