Feature;Importancia
Promig_Llibertat_Total;0.5811549142431398
Promig_Pistes/Columna;0.11532616206559473
Promig_Pistes/Fila;0.098202344956131
%_Caselles_Pintades;0.07406689617068299
Relatiu_Llibertat_Total;0.04001221896383188
Mitjana_Mida_Pistes;0.03363269794721407
Ratio_F/C;0.03154702839300362
Desviacio_Est._Mida_Pistes;0.014767414679756919
Total_Pistes;0.011290322580645162
