Feature;Importancia
Promig_Llibertat_Total;0.18095854918912602
Total_Pistes;0.1673604820955714
Desviacio_Est._Mida_Pistes;0.14346205022940198
Ratio_F/C;0.11113280601430717
Mitjana_Mida_Pistes;0.10107255336063174
Promig_Pistes/Columna;0.1002027339177473
Promig_Pistes/Fila;0.08468950834864719
Relatiu_Llibertat_Total;0.056367360322145836
%_Caselles_Pintades;0.054753956522421404
