Feature;Importancia
Promig_Llibertat_Total;0.2320286171179692
Mitjana_Mida_Pistes;0.17144293614881845
Promig_Pistes/Fila;0.15486425339366564
%_Caselles_Pintades;0.12712020815339062
Desviacio_Est._Mida_Pistes;0.10103743667092081
Total_Pistes;0.06818753142282552
Ratio_F/C;0.06693930786805517
Promig_Pistes/Columna;0.05964535715666921
Relatiu_Llibertat_Total;0.01873435206768538
