Feature;Importancia
%_Caselles_Pintades;0.17099479923862895
Desviacio_Est._Mida_Pistes;0.1298961117182867
Mitjana_Mida_Pistes;0.12866802868809446
Total_Pistes;0.11076537095250158
Promig_Llibertat_Total;0.10168421735593074
Promig_Pistes/Columna;0.09985067648354025
Promig_Pistes/Fila;0.09916952324348312
Relatiu_Llibertat_Total;0.0854949585509263
Ratio_F/C;0.07347631376860798
