Feature;Importancia
Total_Pistes;0.1441644919472194
%_Caselles_Pintades;0.1385128160910743
Desviacio_Est._Mida_Pistes;0.12420383024709597
Mitjana_Mida_Pistes;0.12086342173555085
Promig_Pistes/Fila;0.11259747910892043
Promig_Llibertat_Total;0.09585248659559968
Ratio_F/C;0.0949832881037052
Promig_Pistes/Columna;0.08890639622342023
Relatiu_Llibertat_Total;0.07991578994741395
