Feature;Importancia
Total_Pistes;0.22373094397933546
Promig_Llibertat_Total;0.21306412223705926
Promig_Pistes/Fila;0.15942588340123184
%_Caselles_Pintades;0.12450478248523003
Promig_Pistes/Columna;0.11093421666860191
Mitjana_Mida_Pistes;0.08805540395409031
Ratio_F/C;0.05529780690071777
Desviacio_Est._Mida_Pistes;0.02498684037373338
Relatiu_Llibertat_Total;0.0
