Feature;Importancia
Total_Pistes;0.21840633595352257
Promig_Pistes/Columna;0.201938679649343
%_Caselles_Pintades;0.12977304785421984
Promig_Llibertat_Total;0.12909138808674028
Promig_Pistes/Fila;0.09126876924577533
Relatiu_Llibertat_Total;0.06811678817584693
Desviacio_Est._Mida_Pistes;0.06782095243054821
Mitjana_Mida_Pistes;0.06483449573398856
Ratio_F/C;0.028749542870015257
