Feature;Importancia
Promig_Pistes/Fila;0.2024511867069521
Total_Pistes;0.18084061932061857
Promig_Pistes/Columna;0.1730576991617956
Promig_Llibertat_Total;0.13877897762829505
Mitjana_Mida_Pistes;0.07468837269836297
Desviacio_Est._Mida_Pistes;0.07410286132489528
Ratio_F/C;0.07312988443416715
%_Caselles_Pintades;0.058909013067417186
Relatiu_Llibertat_Total;0.02404138565749609
