Feature;Importancia
Promig_Pistes/Fila;0.1738388375139473
Total_Pistes;0.14097592124689148
Promig_Llibertat_Total;0.12493314235376662
Promig_Pistes/Columna;0.12239269959188953
%_Caselles_Pintades;0.10879358519556642
Relatiu_Llibertat_Total;0.10035614695651132
Desviacio_Est._Mida_Pistes;0.09933750219110703
Mitjana_Mida_Pistes;0.09473768260311104
Ratio_F/C;0.034634482347209346
