Feature;Importancia
Promig_Llibertat_Total;0.24238411393125286
Desviacio_Est._Mida_Pistes;0.14217879707134976
Promig_Pistes/Columna;0.1371997037390742
Promig_Pistes/Fila;0.11768001984099628
Mitjana_Mida_Pistes;0.09701412980965742
%_Caselles_Pintades;0.07805536268257625
Total_Pistes;0.07496108581689209
Relatiu_Llibertat_Total;0.07280638116317736
Ratio_F/C;0.0377204059450238
