Feature;Importancia
Promig_Llibertat_Total;0.13019609352911346
Mitjana_Mida_Pistes;0.12903690446415786
Promig_Pistes/Fila;0.12367626997559941
Total_Pistes;0.12332689406363123
%_Caselles_Pintades;0.12118669325205846
Desviacio_Est._Mida_Pistes;0.11357524713946118
Promig_Pistes/Columna;0.11102058397933061
Relatiu_Llibertat_Total;0.07531600593340486
Ratio_F/C;0.07266530766324295
