Feature;Importancia
Promig_Llibertat_Total;0.13408813325258256
Mitjana_Mida_Pistes;0.13170814363824854
Desviacio_Est._Mida_Pistes;0.11849265542926184
%_Caselles_Pintades;0.11847851835030049
Promig_Pistes/Fila;0.118171558857714
Promig_Pistes/Columna;0.11376391492394138
Total_Pistes;0.10606636306180295
Ratio_F/C;0.08390618183994385
Relatiu_Llibertat_Total;0.07532453064620431
