Feature;Importancia
Promig_Llibertat_Total;0.1683063237286233
Promig_Pistes/Columna;0.11652869339190583
Desviacio_Est._Mida_Pistes;0.1160129375638969
Total_Pistes;0.11446461597571493
Ratio_F/C;0.10605728676804507
Promig_Pistes/Fila;0.10481345400716545
%_Caselles_Pintades;0.09975480562069937
Mitjana_Mida_Pistes;0.09277385915980556
Relatiu_Llibertat_Total;0.0812880237841435
