Feature;Importancia
Total_Pistes;0.17882389133849425
Promig_Llibertat_Total;0.13718106136910158
Promig_Pistes/Columna;0.12465044592137461
Promig_Pistes/Fila;0.1099865890726966
Desviacio_Est._Mida_Pistes;0.10465723238272401
Ratio_F/C;0.09613139328496605
Mitjana_Mida_Pistes;0.09255317452729366
%_Caselles_Pintades;0.08671838121990177
Relatiu_Llibertat_Total;0.0692978308834475
