Feature;Importancia
Promig_Pistes/Columna;0.22549881759282533
Total_Pistes;0.18407119795121313
Promig_Llibertat_Total;0.1436791112959931
%_Caselles_Pintades;0.11010393805016572
Mitjana_Mida_Pistes;0.08244404385937468
Desviacio_Est._Mida_Pistes;0.07696896141622721
Relatiu_Llibertat_Total;0.07313033980782908
Promig_Pistes/Fila;0.07100064839145546
Ratio_F/C;0.03310294163491627
