Feature;Importancia
%_Caselles_Pintades;0.19360488073531304
Promig_Pistes/Columna;0.1450533419336771
Promig_Llibertat_Total;0.13464539530022324
Total_Pistes;0.12728170337190725
Promig_Pistes/Fila;0.11665546913773864
Desviacio_Est._Mida_Pistes;0.11239283026608703
Ratio_F/C;0.06803516764671039
Mitjana_Mida_Pistes;0.05481602161257617
Relatiu_Llibertat_Total;0.047515189995767225
