Feature;Importancia
Promig_Pistes/Columna;0.2344245234250199
Promig_Pistes/Fila;0.16397922848658253
Desviacio_Est._Mida_Pistes;0.130004439551825
Mitjana_Mida_Pistes;0.12027822966490302
Promig_Llibertat_Total;0.0898323465634167
Ratio_F/C;0.08176191524455803
Total_Pistes;0.06289211674849975
%_Caselles_Pintades;0.06152785706792358
Relatiu_Llibertat_Total;0.0552993432472716
