Feature;Importancia
Desviacio_Est._Mida_Pistes;0.19077653729458355
Relatiu_Llibertat_Total;0.15762049310686527
Promig_Pistes/Fila;0.13917002210752205
Total_Pistes;0.11004517064059557
%_Caselles_Pintades;0.10362729594213589
Promig_Llibertat_Total;0.09364119680966483
Mitjana_Mida_Pistes;0.09045646076242769
Promig_Pistes/Columna;0.06471323875929141
Ratio_F/C;0.04994958457691376
