Feature;Importancia
Total_Pistes;0.23736447897995303
Mitjana_Mida_Pistes;0.16345590547025549
Desviacio_Est._Mida_Pistes;0.11753306476338497
Promig_Pistes/Fila;0.11657128775073108
Promig_Pistes/Columna;0.09408879880182128
%_Caselles_Pintades;0.08719838567966515
Promig_Llibertat_Total;0.07349561162821167
Ratio_F/C;0.062394884104686285
Relatiu_Llibertat_Total;0.04789758282129099
