Feature;Importancia
Promig_Llibertat_Total;0.15946121164738025
Promig_Pistes/Columna;0.13725220300710034
Total_Pistes;0.1294930290550411
Promig_Pistes/Fila;0.12538911836404157
Mitjana_Mida_Pistes;0.104338866028541
Desviacio_Est._Mida_Pistes;0.1000531588901175
Relatiu_Llibertat_Total;0.09510499268192961
%_Caselles_Pintades;0.09402905396507957
Ratio_F/C;0.054878366360769
