Feature;Importancia
Promig_Llibertat_Total;0.16601256034028572
Total_Pistes;0.16252699310467292
Promig_Pistes/Columna;0.14577078003553606
Promig_Pistes/Fila;0.11478050338774898
Mitjana_Mida_Pistes;0.10518876780041943
Desviacio_Est._Mida_Pistes;0.09679072327924829
%_Caselles_Pintades;0.08265118312088354
Relatiu_Llibertat_Total;0.06655966568196814
Ratio_F/C;0.059718823249236934
