Feature;Importancia
Mitjana_Mida_Pistes;0.13978851108856644
Promig_Pistes/Columna;0.12977129846802887
Promig_Pistes/Fila;0.1241957810984059
Desviacio_Est._Mida_Pistes;0.12349140844636855
%_Caselles_Pintades;0.1065055956152908
Total_Pistes;0.10435945226565935
Promig_Llibertat_Total;0.10381110333467625
Ratio_F/C;0.09537575677704137
Relatiu_Llibertat_Total;0.07270109290596241
