Feature;Importancia
Promig_Llibertat_Total;0.16750031088310824
Total_Pistes;0.13203363970558457
Promig_Pistes/Columna;0.12307528187920946
Promig_Pistes/Fila;0.1143193609171111
Desviacio_Est._Mida_Pistes;0.11411985642324901
Mitjana_Mida_Pistes;0.10844991075908764
%_Caselles_Pintades;0.08751231844314901
Ratio_F/C;0.08546378883343402
Relatiu_Llibertat_Total;0.06752553215606691
