Feature;Importancia
Promig_Pistes/Columna;0.13495331034165653
%_Caselles_Pintades;0.13090250475910561
Promig_Llibertat_Total;0.12036727446654862
Desviacio_Est._Mida_Pistes;0.1162652428940096
Total_Pistes;0.1121732783886225
Promig_Pistes/Fila;0.11071309774718133
Mitjana_Mida_Pistes;0.1081258571538611
Ratio_F/C;0.09041641610228306
Relatiu_Llibertat_Total;0.07608301814673174
