Feature;Importancia
Promig_Llibertat_Total;0.12999794763457062
Desviacio_Est._Mida_Pistes;0.12646285540123162
Total_Pistes;0.12030112281888887
Mitjana_Mida_Pistes;0.11910675098403779
%_Caselles_Pintades;0.11252076754774412
Promig_Pistes/Fila;0.1066059315300083
Promig_Pistes/Columna;0.10349915999909878
Ratio_F/C;0.0971864407392283
Relatiu_Llibertat_Total;0.08431902334519155
