Feature;Importancia
Promig_Pistes/Columna;0.13431002898953368
Desviacio_Est._Mida_Pistes;0.1289659256768264
Promig_Llibertat_Total;0.12286895538657608
%_Caselles_Pintades;0.1211515731287948
Total_Pistes;0.11745386301709657
Mitjana_Mida_Pistes;0.1085122024663763
Promig_Pistes/Fila;0.105673870482715
Ratio_F/C;0.08535104263470071
Relatiu_Llibertat_Total;0.07571253821738039
