Feature;Importancia
Total_Pistes;0.1509458156004121
Promig_Pistes/Columna;0.1393875710364444
Promig_Llibertat_Total;0.1303609966867439
Desviacio_Est._Mida_Pistes;0.11624649783107914
Mitjana_Mida_Pistes;0.11129362933246327
%_Caselles_Pintades;0.10132140334241249
Promig_Pistes/Fila;0.09255326913662683
Ratio_F/C;0.08794167416214113
Relatiu_Llibertat_Total;0.06994914287167686
