Feature;Importancia
Promig_Llibertat_Total;0.18438454556105238
Desviacio_Est._Mida_Pistes;0.16032947346961274
Mitjana_Mida_Pistes;0.1437705828217954
%_Caselles_Pintades;0.14057975096828687
Total_Pistes;0.14055120287923722
Promig_Pistes/Fila;0.10270360383142337
Promig_Pistes/Columna;0.07599642036353427
Ratio_F/C;0.032709097182366344
Relatiu_Llibertat_Total;0.018975322922691353
