Feature;Importancia
Promig_Pistes/Fila;0.13293312723773607
Mitjana_Mida_Pistes;0.1282797714817178
%_Caselles_Pintades;0.12798898596171215
Total_Pistes;0.1257640092715399
Desviacio_Est._Mida_Pistes;0.10866983538880187
Promig_Pistes/Columna;0.10717322614484505
Promig_Llibertat_Total;0.09965733459733166
Ratio_F/C;0.08546598023067838
Relatiu_Llibertat_Total;0.08406772968563724
