Feature;Importancia
Mitjana_Mida_Pistes;0.13760151793336894
Promig_Pistes/Columna;0.13050982347517992
Total_Pistes;0.12095037675489459
Desviacio_Est._Mida_Pistes;0.11890867895899815
Promig_Llibertat_Total;0.11130388874570621
%_Caselles_Pintades;0.1096961423145878
Promig_Pistes/Fila;0.1093224566688246
Relatiu_Llibertat_Total;0.0913182850605204
Ratio_F/C;0.07038883008791942
