Feature;Importancia
Promig_Pistes/Columna;0.13284960113925984
Promig_Llibertat_Total;0.12919580874614728
Total_Pistes;0.12566913150878592
Ratio_F/C;0.1235465911257567
%_Caselles_Pintades;0.11416254192972097
Desviacio_Est._Mida_Pistes;0.10505047329562966
Promig_Pistes/Fila;0.10112811318474475
Mitjana_Mida_Pistes;0.09690237750458303
Relatiu_Llibertat_Total;0.07149536156537192
