Feature;Importancia
Total_Pistes;0.16727827621214453
Ratio_F/C;0.1299317074065544
Promig_Pistes/Columna;0.12000344372277855
Promig_Llibertat_Total;0.1194013757674518
Promig_Pistes/Fila;0.11924395972434691
Desviacio_Est._Mida_Pistes;0.10906796605550133
%_Caselles_Pintades;0.10073209106626706
Mitjana_Mida_Pistes;0.07528498813743317
Relatiu_Llibertat_Total;0.05905619190752226
