Feature;Importancia
Total_Pistes;0.15696474218107906
Promig_Llibertat_Total;0.12337369193078424
Promig_Pistes/Fila;0.12159692217821169
Promig_Pistes/Columna;0.11997782478309853
%_Caselles_Pintades;0.11725460613201123
Ratio_F/C;0.11694801870867241
Desviacio_Est._Mida_Pistes;0.10672842832926886
Mitjana_Mida_Pistes;0.07900064294099406
Relatiu_Llibertat_Total;0.058155122815879846
