Feature;Importancia
%_Caselles_Pintades;0.19462950674062007
Total_Pistes;0.19123893236502346
Promig_Pistes/Columna;0.18583500006242376
Mitjana_Mida_Pistes;0.12734516064981108
Ratio_F/C;0.08846250002122577
Relatiu_Llibertat_Total;0.06760549740212711
Desviacio_Est._Mida_Pistes;0.06071595776084435
Promig_Pistes/Fila;0.055079476269544764
Promig_Llibertat_Total;0.029087968728379692
