Feature;Importancia
Promig_Pistes/Columna;0.20357413496066032
Total_Pistes;0.1709085826513324
Promig_Pistes/Fila;0.1517439887266497
%_Caselles_Pintades;0.11087703576136405
Desviacio_Est._Mida_Pistes;0.10912742629631864
Mitjana_Mida_Pistes;0.07165486391897821
Promig_Llibertat_Total;0.07163378861372156
Ratio_F/C;0.0689184384346076
Relatiu_Llibertat_Total;0.04156174063636749
