Feature;Importancia
Total_Pistes;0.15971323265251838
Promig_Pistes/Fila;0.13492350927128166
Promig_Pistes/Columna;0.1342968830625926
Promig_Llibertat_Total;0.13084178907297325
Desviacio_Est._Mida_Pistes;0.10805888766537149
%_Caselles_Pintades;0.10448236730238772
Mitjana_Mida_Pistes;0.093276570212611
Relatiu_Llibertat_Total;0.0753514203500972
Ratio_F/C;0.05905534041016677
