Feature;Importancia
Promig_Llibertat_Total;0.15359057709740886
Total_Pistes;0.1516243319074181
Promig_Pistes/Fila;0.15067138889949852
Desviacio_Est._Mida_Pistes;0.11903973405819973
Promig_Pistes/Columna;0.10676318019613154
%_Caselles_Pintades;0.10402849221894588
Mitjana_Mida_Pistes;0.10142952778167054
Relatiu_Llibertat_Total;0.0681574187289232
Ratio_F/C;0.04469534911180367
