Feature;Importancia
Total_Pistes;0.18261240223024988
Promig_Llibertat_Total;0.1410713865352337
Promig_Pistes/Columna;0.13481718078244886
Promig_Pistes/Fila;0.11797122666729862
Desviacio_Est._Mida_Pistes;0.1005400423353497
Mitjana_Mida_Pistes;0.10035705458518573
%_Caselles_Pintades;0.08534604895391887
Ratio_F/C;0.07805611925099952
Relatiu_Llibertat_Total;0.059228538659315114
