Feature;Importancia
Promig_Llibertat_Total;0.21607718122338868
Total_Pistes;0.15263290672867055
Promig_Pistes/Columna;0.12870474139881974
%_Caselles_Pintades;0.10179053710969636
Desviacio_Est._Mida_Pistes;0.09178093057633496
Promig_Pistes/Fila;0.09125580708531816
Mitjana_Mida_Pistes;0.08550761971177188
Ratio_F/C;0.06941733566669951
Relatiu_Llibertat_Total;0.06283294049930026
