Feature;Importancia
Promig_Pistes/Columna;0.16894696878603024
Total_Pistes;0.15713470582940706
Promig_Llibertat_Total;0.1550554850524559
Promig_Pistes/Fila;0.13123572202099318
Mitjana_Mida_Pistes;0.09841506212107662
Desviacio_Est._Mida_Pistes;0.09294547961383864
Relatiu_Llibertat_Total;0.08865878200008813
%_Caselles_Pintades;0.06278204253195487
Ratio_F/C;0.044825752044155315
