Feature;Importancia
Ratio_F/C;0.2048991007082207
Promig_Pistes/Columna;0.18906075742858236
Promig_Llibertat_Total;0.16886464263124606
Total_Pistes;0.1395492947912303
Promig_Pistes/Fila;0.10637672811059905
Desviacio_Est._Mida_Pistes;0.07509326311169631
Mitjana_Mida_Pistes;0.05097926267281106
Relatiu_Llibertat_Total;0.04251950046880923
%_Caselles_Pintades;0.022657450076804916
