Feature;Importancia
Promig_Pistes/Columna;0.2685707215589299
Total_Pistes;0.17860337117303066
Promig_Llibertat_Total;0.13418004456120472
Ratio_F/C;0.11495051673366305
%_Caselles_Pintades;0.0939802216765116
Mitjana_Mida_Pistes;0.08484325568018405
Relatiu_Llibertat_Total;0.08447031829257894
Desviacio_Est._Mida_Pistes;0.04040155032389718
Promig_Pistes/Fila;0.0
