Feature;Importancia
Promig_Pistes/Columna;0.14185827706329487
Mitjana_Mida_Pistes;0.12367756033108257
Total_Pistes;0.12359363500235078
Promig_Llibertat_Total;0.12257899523426864
Promig_Pistes/Fila;0.12233386981044501
Desviacio_Est._Mida_Pistes;0.11967644815053004
%_Caselles_Pintades;0.08538820431737103
Ratio_F/C;0.08250060760629366
Relatiu_Llibertat_Total;0.07839240248436345
