Feature;Importancia
Total_Pistes;0.15747229514406025
Promig_Llibertat_Total;0.1345387482776861
Promig_Pistes/Fila;0.12855949192116295
Mitjana_Mida_Pistes;0.12292817827592299
Promig_Pistes/Columna;0.10988120522746099
%_Caselles_Pintades;0.100439632420564
Desviacio_Est._Mida_Pistes;0.09585303797404218
Relatiu_Llibertat_Total;0.08018698134554426
Ratio_F/C;0.07014042941355632
