Feature;Importancia
Total_Pistes;0.16330802328644664
Promig_Llibertat_Total;0.15047842779280315
Promig_Pistes/Fila;0.12634740004573802
Mitjana_Mida_Pistes;0.11437164816888404
Promig_Pistes/Columna;0.11152165128888064
%_Caselles_Pintades;0.10039463330478018
Desviacio_Est._Mida_Pistes;0.10038889241087767
Relatiu_Llibertat_Total;0.08069160428267468
Ratio_F/C;0.05249771941891489
