Feature;Importancia
Total_Pistes;0.15872357218887595
Promig_Pistes/Fila;0.1374535450122088
Promig_Llibertat_Total;0.1290278086242049
Mitjana_Mida_Pistes;0.11235463593951994
Desviacio_Est._Mida_Pistes;0.10498978143982654
Promig_Pistes/Columna;0.1041699816630733
%_Caselles_Pintades;0.10073823908596324
Relatiu_Llibertat_Total;0.08586256190369408
Ratio_F/C;0.0666798741426333
