Feature;Importancia
Promig_Pistes/Columna;0.3612705751363764
Promig_Llibertat_Total;0.14703163066984204
Ratio_F/C;0.12100568154804352
Desviacio_Est._Mida_Pistes;0.12078656546463291
%_Caselles_Pintades;0.12036284251731412
Total_Pistes;0.06025634513352911
Mitjana_Mida_Pistes;0.05329719963866305
Promig_Pistes/Fila;0.015989159891598926
Relatiu_Llibertat_Total;0.0
