Feature;Importancia
%_Caselles_Pintades;0.2633295458135641
Desviacio_Est._Mida_Pistes;0.15855211928271298
Total_Pistes;0.14989594692173258
Mitjana_Mida_Pistes;0.12472064634165089
Promig_Llibertat_Total;0.1098482160690057
Promig_Pistes/Fila;0.06944698122780314
Relatiu_Llibertat_Total;0.047595129375951284
Ratio_F/C;0.03976951511198086
Promig_Pistes/Columna;0.03684189985559846
