Feature;Importancia
Total_Pistes;0.20706021384126067
Ratio_F/C;0.19865078681678255
Desviacio_Est._Mida_Pistes;0.17136619129465328
Promig_Pistes/Columna;0.14557009237492588
Promig_Pistes/Fila;0.10427576738256347
Promig_Llibertat_Total;0.06698605650503307
Mitjana_Mida_Pistes;0.0638423065607532
%_Caselles_Pintades;0.042248585224027864
Relatiu_Llibertat_Total;0.0
