Feature;Importancia
Promig_Llibertat_Total;0.28218367285569645
Desviacio_Est._Mida_Pistes;0.25836681210202234
Promig_Pistes/Columna;0.1317564321956287
Total_Pistes;0.11481481481481483
Ratio_F/C;0.103960002887878
%_Caselles_Pintades;0.0390078275543817
Mitjana_Mida_Pistes;0.03414230019493177
Relatiu_Llibertat_Total;0.01846351219528418
Promig_Pistes/Fila;0.017304625199362045
