Feature;Importancia
%_Caselles_Pintades;0.21354457572502702
Promig_Pistes/Fila;0.2036042032776776
Desviacio_Est._Mida_Pistes;0.17048503611971108
Relatiu_Llibertat_Total;0.13474246841593782
Total_Pistes;0.09330632585260015
Mitjana_Mida_Pistes;0.06622448979591837
Promig_Llibertat_Total;0.06307094266277942
Ratio_F/C;0.055021958150348695
Promig_Pistes/Columna;0.0
