Feature;Importancia
Promig_Pistes/Fila;0.19751078667367442
Total_Pistes;0.19614159097667677
%_Caselles_Pintades;0.19186174198382527
Desviacio_Est._Mida_Pistes;0.1640405845825399
Relatiu_Llibertat_Total;0.12964911050330788
Ratio_F/C;0.051558043287783566
Promig_Llibertat_Total;0.04413586740538141
Mitjana_Mida_Pistes;0.025102274586810688
Promig_Pistes/Columna;0.0
