Feature;Importancia
Promig_Llibertat_Total;0.14552101667425452
Ratio_F/C;0.132042556846075
Promig_Pistes/Fila;0.12441793974673337
Promig_Pistes/Columna;0.12316256151927785
Total_Pistes;0.12175318713589704
%_Caselles_Pintades;0.1061482708872476
Mitjana_Mida_Pistes;0.09356101339162527
Desviacio_Est._Mida_Pistes;0.09350505981486984
Relatiu_Llibertat_Total;0.0598883939840195
