Feature;Importancia
Mitjana_Mida_Pistes;0.17864940066127694
Promig_Llibertat_Total;0.15305399310667014
Promig_Pistes/Columna;0.1502158351222201
Total_Pistes;0.12492765434766119
%_Caselles_Pintades;0.12438212189296623
Desviacio_Est._Mida_Pistes;0.10756649285365948
Ratio_F/C;0.10190353172960678
Promig_Pistes/Fila;0.059300970285939184
Relatiu_Llibertat_Total;0.0
