Feature;Importancia
Promig_Llibertat_Total;0.26694214022681045
Promig_Pistes/Fila;0.15024804059630967
Total_Pistes;0.1416418603234368
Desviacio_Est._Mida_Pistes;0.12353891270494831
Mitjana_Mida_Pistes;0.08691046878078157
Relatiu_Llibertat_Total;0.08500537428277592
Promig_Pistes/Columna;0.07004896083133494
%_Caselles_Pintades;0.05486102468779484
Ratio_F/C;0.02080321756580747
