Feature;Importancia
Promig_Llibertat_Total;0.21148679967537812
Desviacio_Est._Mida_Pistes;0.15852505180383614
Total_Pistes;0.14467742706379114
Mitjana_Mida_Pistes;0.1441056787640426
Promig_Pistes/Fila;0.10266290536579038
%_Caselles_Pintades;0.08163913142726704
Promig_Pistes/Columna;0.05620441705187468
Ratio_F/C;0.05563061218919729
Relatiu_Llibertat_Total;0.04506797665882262
