Feature;Importancia
Total_Pistes;0.21519175341318553
Promig_Llibertat_Total;0.1546626220056962
Mitjana_Mida_Pistes;0.15307957641879097
Desviacio_Est._Mida_Pistes;0.1482594190367935
Ratio_F/C;0.11731864331622646
Promig_Pistes/Fila;0.08666442074224462
%_Caselles_Pintades;0.055084819258020994
Promig_Pistes/Columna;0.04561671151258889
Relatiu_Llibertat_Total;0.024122034296452897
