Feature;Importancia
Promig_Llibertat_Total;0.4080244393096699
Desviacio_Est._Mida_Pistes;0.12468844118844122
Promig_Pistes/Fila;0.11707662048675122
Mitjana_Mida_Pistes;0.10651838537516296
Total_Pistes;0.08716058035844138
Promig_Pistes/Columna;0.05731908831908834
Ratio_F/C;0.047177782094448756
%_Caselles_Pintades;0.03152991452991454
Relatiu_Llibertat_Total;0.020504748338081684
