Feature;Importancia
Promig_Pistes/Columna;0.15251379565458198
Total_Pistes;0.13164555466901157
Ratio_F/C;0.12607813062935885
Desviacio_Est._Mida_Pistes;0.12172668083233482
%_Caselles_Pintades;0.11881890927346293
Promig_Pistes/Fila;0.11285002506701092
Promig_Llibertat_Total;0.10320751771283784
Mitjana_Mida_Pistes;0.07547697531929487
Relatiu_Llibertat_Total;0.057682410842106194
