Feature;Importancia
Desviacio_Est._Mida_Pistes;0.12402189732447585
Promig_Pistes/Columna;0.12368022161417744
Total_Pistes;0.1228349061474458
Mitjana_Mida_Pistes;0.12085352533653204
%_Caselles_Pintades;0.12052379380164287
Promig_Llibertat_Total;0.11706721498973988
Promig_Pistes/Fila;0.11026524764699774
Relatiu_Llibertat_Total;0.0808544657718184
Ratio_F/C;0.07989872736717
