Feature;Importancia
Promig_Llibertat_Total;0.1283457179690774
Promig_Pistes/Columna;0.12387215978692317
Mitjana_Mida_Pistes;0.11930077322435155
Total_Pistes;0.11786587043746188
Promig_Pistes/Fila;0.11507829969650177
%_Caselles_Pintades;0.11218179088379207
Desviacio_Est._Mida_Pistes;0.10638102612025638
Ratio_F/C;0.09613969252010943
Relatiu_Llibertat_Total;0.08083466936152638
