Feature;Importancia
Promig_Llibertat_Total;0.1307648749705368
Ratio_F/C;0.12771081859838984
Desviacio_Est._Mida_Pistes;0.1255513050735344
Mitjana_Mida_Pistes;0.12214990912747309
Total_Pistes;0.11888289054167009
Promig_Pistes/Fila;0.10869996404628841
Promig_Pistes/Columna;0.10616593452487631
%_Caselles_Pintades;0.09458879806862289
Relatiu_Llibertat_Total;0.06548550504860821
