Feature;Importancia
Promig_Pistes/Columna;0.13112532122805812
Promig_Llibertat_Total;0.128578360508191
Total_Pistes;0.12171847235426078
%_Caselles_Pintades;0.12006226344007298
Promig_Pistes/Fila;0.11542364865878746
Desviacio_Est._Mida_Pistes;0.1084429768854432
Mitjana_Mida_Pistes;0.1038763028366531
Ratio_F/C;0.09033437584871944
Relatiu_Llibertat_Total;0.08043827823981402
