Feature;Importancia
Total_Pistes;0.1348517797896453
Desviacio_Est._Mida_Pistes;0.12466490430824281
Promig_Llibertat_Total;0.11905508044257054
Mitjana_Mida_Pistes;0.11901661686261493
Promig_Pistes/Columna;0.11841909417991595
%_Caselles_Pintades;0.11441171810824596
Promig_Pistes/Fila;0.10875972237999243
Relatiu_Llibertat_Total;0.08191704108570202
Ratio_F/C;0.07890404284307016
