Feature;Importancia
%_Caselles_Pintades;0.15778393739957622
Promig_Pistes/Fila;0.1330440032418955
Total_Pistes;0.1262642557940714
Desviacio_Est._Mida_Pistes;0.11687329604136103
Promig_Llibertat_Total;0.11052312677112158
Promig_Pistes/Columna;0.10702261800898866
Mitjana_Mida_Pistes;0.09531813343110668
Ratio_F/C;0.0860594671282798
Relatiu_Llibertat_Total;0.06711116218359924
