Feature;Importancia
Ratio_F/C;0.25398986166068216
Promig_Llibertat_Total;0.17994460185768194
Promig_Pistes/Columna;0.16792232667701232
%_Caselles_Pintades;0.1478229709153358
Desviacio_Est._Mida_Pistes;0.11554028606494332
Mitjana_Mida_Pistes;0.049745090343829845
Promig_Pistes/Fila;0.04469831410825196
Relatiu_Llibertat_Total;0.027359049680478267
Total_Pistes;0.012977498691784406
