Feature;Importancia
Promig_Llibertat_Total;0.32945602868012874
Total_Pistes;0.1751626966179201
Ratio_F/C;0.17448399343153506
Desviacio_Est._Mida_Pistes;0.1180814676616915
%_Caselles_Pintades;0.0726294741569928
Promig_Pistes/Fila;0.05669784756771701
Mitjana_Mida_Pistes;0.04337686567164177
Promig_Pistes/Columna;0.030111626212372972
Relatiu_Llibertat_Total;0.0
