Feature;Importancia
Promig_Llibertat_Total;0.1594440610072772
Total_Pistes;0.12757485585725503
Promig_Pistes/Fila;0.11808609990338156
Mitjana_Mida_Pistes;0.11691492143534758
Promig_Pistes/Columna;0.1088105039439953
Desviacio_Est._Mida_Pistes;0.10073878866000947
Ratio_F/C;0.09526712404673515
%_Caselles_Pintades;0.09234091188472403
Relatiu_Llibertat_Total;0.08082273326127451
