Feature;Importancia
Total_Pistes;0.14999631912046324
Promig_Pistes/Fila;0.13421443133203054
Mitjana_Mida_Pistes;0.12940996516819425
Promig_Llibertat_Total;0.11806383845268988
Promig_Pistes/Columna;0.10466773937859773
Desviacio_Est._Mida_Pistes;0.10223989469421767
%_Caselles_Pintades;0.09497803470640936
Ratio_F/C;0.08982763846686734
Relatiu_Llibertat_Total;0.07660213868053004
