Feature;Importancia
Promig_Llibertat_Total;0.15697954497697034
Total_Pistes;0.14734008978469115
Promig_Pistes/Fila;0.13427122787134474
Mitjana_Mida_Pistes;0.11223307742350006
Promig_Pistes/Columna;0.10515650746357565
%_Caselles_Pintades;0.09633326694339801
Desviacio_Est._Mida_Pistes;0.09630066722927587
Ratio_F/C;0.07705934425179516
Relatiu_Llibertat_Total;0.07432627405544907
