Feature;Importancia
Total_Pistes;0.16438571644404376
Promig_Pistes/Fila;0.1425305334841333
Promig_Pistes/Columna;0.12760715153575494
Promig_Llibertat_Total;0.11058463657708077
Mitjana_Mida_Pistes;0.10600605689983869
Desviacio_Est._Mida_Pistes;0.10374917326030647
%_Caselles_Pintades;0.10217088850703535
Relatiu_Llibertat_Total;0.07309854300483415
Ratio_F/C;0.06986730028697268
