Feature;Importancia
Promig_Pistes/Columna;0.27462854441410794
%_Caselles_Pintades;0.17507512068412054
Desviacio_Est._Mida_Pistes;0.15231923735226424
Total_Pistes;0.12937995864835541
Promig_Llibertat_Total;0.08057803416716143
Ratio_F/C;0.07526308041648597
Relatiu_Llibertat_Total;0.04479229016821125
Promig_Pistes/Fila;0.03555254115547132
Mitjana_Mida_Pistes;0.032411192993821995
