Feature;Importancia
Desviacio_Est._Mida_Pistes;0.18131987046614523
Mitjana_Mida_Pistes;0.1488828446201166
Promig_Llibertat_Total;0.1450868921273718
Promig_Pistes/Fila;0.14432725078749548
%_Caselles_Pintades;0.10047904403726832
Total_Pistes;0.09047848008097303
Ratio_F/C;0.08094564369109673
Promig_Pistes/Columna;0.0599092675148507
Relatiu_Llibertat_Total;0.04857070667468216
