Feature;Importancia
Mitjana_Mida_Pistes;0.18459844434872386
Promig_Llibertat_Total;0.18107303054964952
%_Caselles_Pintades;0.15479749845151755
Promig_Pistes/Columna;0.1490403471183828
Desviacio_Est._Mida_Pistes;0.10032111351693845
Total_Pistes;0.08477688896918749
Promig_Pistes/Fila;0.08106963582279504
Relatiu_Llibertat_Total;0.05131578833063965
Ratio_F/C;0.013007252892165677
