Feature;Importancia
Promig_Pistes/Columna;0.19149635860188974
Mitjana_Mida_Pistes;0.18966271952704414
Total_Pistes;0.1604484594571005
Desviacio_Est._Mida_Pistes;0.1575684090005205
Promig_Llibertat_Total;0.10372862341503027
%_Caselles_Pintades;0.08922519782594406
Relatiu_Llibertat_Total;0.043543946932006625
Ratio_F/C;0.03868573797678277
Promig_Pistes/Fila;0.025640547263681594
