Feature;Importancia
Total_Pistes;0.20281148732849058
Promig_Pistes/Columna;0.1499896263972382
Promig_Llibertat_Total;0.14801183626341807
Promig_Pistes/Fila;0.13029717003404045
Desviacio_Est._Mida_Pistes;0.08634315485021435
%_Caselles_Pintades;0.08192666413958184
Mitjana_Mida_Pistes;0.07568864661645032
Ratio_F/C;0.06403001399539629
Relatiu_Llibertat_Total;0.06090140037516993
