Feature;Importancia
Promig_Llibertat_Total;0.1734614568372237
Promig_Pistes/Fila;0.13643909834512416
Total_Pistes;0.13549022947489534
Mitjana_Mida_Pistes;0.12240934045727865
Desviacio_Est._Mida_Pistes;0.11343216786046634
Promig_Pistes/Columna;0.11007837315478743
%_Caselles_Pintades;0.08396489210629224
Relatiu_Llibertat_Total;0.07143245577405982
Ratio_F/C;0.05329198598987223
