Feature;Importancia
Promig_Pistes/Columna;0.19451595018224838
Total_Pistes;0.1512939735499237
Ratio_F/C;0.1256599581496987
Promig_Pistes/Fila;0.11521328256331857
Promig_Llibertat_Total;0.11368360669588538
%_Caselles_Pintades;0.09169069524322747
Desviacio_Est._Mida_Pistes;0.08544946640071653
Mitjana_Mida_Pistes;0.0708609458289645
Relatiu_Llibertat_Total;0.05163212138601683
