Feature;Importancia
Promig_Pistes/Columna;0.1509297617158072
Promig_Llibertat_Total;0.12458351760068759
%_Caselles_Pintades;0.12375976367082027
Total_Pistes;0.12375377667287378
Ratio_F/C;0.11684270657788963
Desviacio_Est._Mida_Pistes;0.11135457989270378
Promig_Pistes/Fila;0.10907467551104681
Mitjana_Mida_Pistes;0.07515764263686393
Relatiu_Llibertat_Total;0.06454357572130714
